{
  "gold_sentiment_composite": 0.17571658365124174,
  "confidence": 0.660595238095238,
  "interpretation": "\ud83d\udfe1 MILDLY BULLISH - Slight positive bias",
  "framework_coverage": 0.7,
  "quality_grade": "B",
  "timestamp": "2025-09-07T12:50:34.408257",
  "system_version": "5.0_integrated",
  "components": {
    "technical_analysis": 0.0,
    "real_interest_rates": 0.40285655414444405,
    "central_bank_sentiment": 0.2532949225783219,
    "professional_positioning": 0.0,
    "currency_debasement": -0.13682309951636232
  }
}