{
  "bitcoin_sentiment_composite": -0.10880831774505414,
  "confidence": 0.527064327687278,
  "interpretation": "\ud83d\udfe1 MILDLY BEARISH - Slight negative bias",
  "framework_coverage": 1.0,
  "timestamp": "2025-09-07T15:30:30.283402",
  "system_version": "Bitcoin_v1.0",
  "components": {
    "micro_momentum": 0.10639253429245908,
    "funding_basis": -0.1847533895735698,
    "liquidity": 0.04894838897384533,
    "orderflow": -0.48167663925314547
  }
}