{
  "bitcoin_sentiment_composite": -0.14069199688288309,
  "confidence": 0.5352574335849781,
  "interpretation": "\ud83d\udfe1 MILDLY BEARISH - Slight negative bias",
  "framework_coverage": 1.0,
  "timestamp": "2025-09-08T20:33:17.373392",
  "system_version": "Bitcoin_v1.0",
  "components": {
    "micro_momentum": 0.1653269558033861,
    "funding_basis": -0.17108395852256572,
    "liquidity": 0.05313547152663849,
    "orderflow": -0.6928940317288471
  }
}